Name,Headline,Profile Picture,Email,Comment
Bahman HonariView Bahman Honari’s profile• 3rd+,https://www.linkedin.com/in/ACoAAANB_xsBDj8f0FiIFVKRVNBtiaUG46KKCWo,,"Teaching Fellow in Statistics & Data Science, Trinity College Dublin",-,"b""False story! A HR manager never supports logical argument made by an employee against their Boss, no matter what the topic is. Their job is to support the psycho Boss, no matter the cost; the company would be happy to pay the cost, who cares. HR manager has no idea how knowledgeable and experienced you are, because they obviously don't have such education required to know it. They just understand headcount, and prefer you don't talk too much, including about pay rise.Am I so pessimistic?P.S. (after 2 days)Many thanks to all who sent their comments. I really learned a lot from all of you.If you have not turned off or muted the notifications, I'll like to provide some examples and observations regarding the HR attitude and (mis)behaviour! I presume these examples - at least in some extent - would support my opinion presented in my comment.Here is the first set of examples:https://www.linkedin.com/posts/bahman-honari-10b37a16_it-costs-less-to-keep-staff-than-replace-activity-7019146535154143232-asdL?utm_source=share&utm_medium=member_desktop"""
"Lorè González, PhDView Lorè González, PhD’s profile• 3rd+",https://www.linkedin.com/in/ACoAAAIEIe0Bg1aoHBjv3d518aEjxM4VjZb8eT0,https://media.licdn.com/dms/image/C5603AQEC_Ju9bn5MMA/profile-displayphoto-shrink_100_100/0/1663344618783?e=1684972800&v=beta&t=IDWmvuCJw1qNFkih__QGa48k9uNYEBVRkZDf5LdVKk8,Committed BDM at Target HR Solutions / Believer of opportunities / HR Administration Professor,-,"b""Bahman HonariI understand your reasoning.  However, the most rewarding operations that I have come to know, have made the inclusion of HR Directors as strategic business partners.  This new concept has required that we discuss the stats you mention on a regular basis.  Doing this helps prevent the whole reaction's predicament.  We learn collectively to resort to the evaluation of performance and commend achievement consistently.  Address areas of opportunity by providing access to training, Sure right now this scenario is not the norm and unfortunately small businesses seldom embrace this, but I chose to encourage consistency in the evaluation of all corporate processes to identify opportunities and prevent chaos."""
jessica schultzout of network3rd+,https://www.linkedin.com/in/jessicaanitaschultz/,https://media.licdn.com/dms/image/C4E03AQHxq6V3WZpZxg/profile-displayphoto-shrink_100_100/0/1619791962408?e=1684972800&v=beta&t=0vPFOExcuxBx6S0YPNwenwBWAE8LnsjDGjIAEzvIbQI,Teleradiology support assistant at MDIG of Arizona at Sharon Health System - a Steward site,-,"b'Paying new staff at a higher rate than current staff is a common practice that fails to make good sense.\xc2\xa0 Aside from.the fact that you risk the frustration of current staff and possible loss of same,you are then increasing your staffing costs with no proof of these worth to the organization . Not to mention the cost incurred with onboarding.\xc2\xa0 And if you recruited that new candidate with bonus and pay rate, your competition has a better chance of stealing that same candidate by upping the ante.\xc2\xa0 The do not have any loyalty to your organization.\xc2\xa0 The staff member who kept your organization afloat during the pandemic and the travel for pay periods should be your first priority to receive an increase in rates.\xc2\xa0 This practice is costing organizations the dedicated accountable staff with proven record of examplary performance'"
John Leskoout of network3rd+,https://www.linkedin.com/in/john-lesko-97bb263b/,https://media.licdn.com/dms/image/C5603AQFHCMlVjMPD3A/profile-displayphoto-shrink_100_100/0/1516888126552?e=1684972800&v=beta&t=xiRdcCxUFByEf5MtYrP8ow8x0Y2cuLcQtNSud8rYKQM,"Attorney at Law Offices of John A. Lesko, Esq.",-,"b""Nathan LaChance, PhD, MBA, CFE, CDFMThis kind of thinking is why we have such glaring income inequality in America.  It's also profoundly ableist/elitist to reward those who are naturally more intelligent and industrious than others.  Doing so may result in a higher overall standard of living for a society, by motivating achievement, but it also imposes incalculable emotional harm on those who are not contributing at a higher level, and creates unjust social distinctions.  It also implies that certain cultural traits are more conducive to professional/economic success, and therefore implies that certain cultures are somehow superior than others.Looking forward to the day when the wealth of the country/planet is shared equally, and we can simply pursue our bliss instead of working to make a living.    And yes, we can."""
Roy Scrivenerout of network3rd+,https://www.linkedin.com/in/roy-scrivener-55443a27/,https://media.licdn.com/dms/image/C5603AQHbxqeAkFrLUQ/profile-displayphoto-shrink_100_100/0/1547881160291?e=1684972800&v=beta&t=G3Ad23X9tpTiwexlY5A14SnzybEIcocYhaIGNL4x6qQ,Retired,-,"b""Firms really need to rethink their promotion strategies thenMy son is getting desperate to move up within his career - his bosses tell him they value him and he is often asked to cover the job he would like and to take on projects. Whenever an opportunity comes up however his bosses play no part (so that they can't show bias apparently) and the jobs all go to a different department.He is reaching the stage where he will need to look outside his current firm just to get the recognition he needs."""
Daniel Perezout of network3rd+,https://www.linkedin.com/in/daniel-perez-3b427625/,"data:image/gif;base64,R0lGODlhAQABAIAAAAAAAP///yH5BAEAAAAALAAAAAABAAEAAAIBRAA7",SK8-BRD-BUS is on the hunt for a team,-,b'Start looking. Excuses are all companies give when they think they have you by the balls!'
Aaron V. Gordonout of network3rd+,https://www.linkedin.com/in/gordonav/,https://media.licdn.com/dms/image/C4D03AQFU8JiRX0U5Jg/profile-displayphoto-shrink_100_100/0/1516619084235?e=1684972800&v=beta&t=qmf8DJ15xBdEpIg_ZTkTVp3F1UMgD3wSH7ABjtmClFY,Senior Mechanical Engineer,-,"b""I left a position because HR refused to discuss pay increases, in a world where prices pretty much doubled.  I was already paycheck-to-paycheck and I couldn't afford to stay.  HR refused to return my calls, IMs, and emails for over 6 months.  Even on my last day, HR remained silent.  So much for working for a company who net $1.55B in sales in a particular quarter in a fiscal year.  Somehow they still didn't have any money to offer pay increases for the people who helped make those numbers.  I feel I made the right call."""
Teresa Fontanillaout of network3rd+,https://www.linkedin.com/in/tfontanilla/,https://media.licdn.com/dms/image/C5103AQG6wqfxvp8GUA/profile-displayphoto-shrink_100_100/0/1516348597087?e=1684972800&v=beta&t=aLlMIiwA8JKgxdF51eya6xqrp9mbIT0O0ly0_MBC1cY,HIRING - Specialized UI Developer,-,"b""Looking through the other side of the window.Yes, salaries have increased, rates have doubled for some with the right skills, and businesses are worried about their overall performance, operating costs, and economy. This is why an organization needs to share its future outlook.Increased Operating Cost Example:  Do you know Business Cybersecurity Insurance went 50% to 100%+ due to fraud?  Some small businesses suffered a 300% increase with the new minimum insurance levels.Getting ignored is not good and is bad for employee relations and retention.Do you think you communicated with the right department /person in the organization? While I do not want to diminish what HR does,  wouldn't it have been better to talk to your manager, as they could advocate your daily value and contributions?You may or may not have understood why you did not get an increase, but you would know if you had an internal sponsor to support your efforts.Yes,  I have been unpaid, undervalued, and taken advantage of for being a good worker bee. When I resigned after 16 years, I was immediately offered 25k to stay but it was great to say; it wasn't about the money; it was about me being taken advantage of."""
Brandon D.out of network3rd+,https://www.linkedin.com/in/brandondenobrega/,https://media.licdn.com/dms/image/D4E03AQFhpssH9V23Mw/profile-displayphoto-shrink_100_100/0/1678799341117?e=1684972800&v=beta&t=PdzI6jG3dCH85Fca9g4NL3c2SNqnUxAVeKS1HaKT4ts,𝐂𝐡𝐢𝐞𝐟 𝐀𝐝𝐦𝐢𝐧𝐢𝐬𝐭𝐫𝐚𝐭𝐢𝐯𝐞 𝐎𝐟𝐟𝐢𝐜𝐞𝐫 𝐚𝐭 𝐑𝐞𝐛𝐞𝐥 𝐓𝐞𝐧𝐧𝐢𝐬 𝐂𝐥𝐮𝐛 ✔️ᵛᵉʳᶦᶠᶦᵉᵈ,-,"b'As a former young HR Manager, all of my suggestions were deemed as void because, ""I lacked the experience to give sufficient advice;"" when that very advice strays from the traditional ways of doing things and have been proven to be fruitful in other well known organizations.But sometimes Executives can be blinded by their foolish pride and fail to realize that suggestions from the middle and bottom areas of the organization are the best suggestions to heed, simply because that is the part of the organization that identifies all of the problems.I left the job a while back and to this day, the company is on a steady decline because they hired someone to fill my former post that is nothing less than a puppet to the Directors - offering no suggestions and just doing as they\'re told.'"
Gab Ciminelliout of network3rd+,https://www.linkedin.com/in/gabrieleciminelli/,https://media.licdn.com/dms/image/D5603AQGD3q15TRGIiA/profile-displayphoto-shrink_100_100/0/1677936233489?e=1684972800&v=beta&t=1KlapXRDeZzHNYeLnGH1o8-iwL5SvDAOt1vyc2elCXs,"🎤 Speaker on Love, Compassion, Freedom 💛 The Nothing Coach 🎤Audiobook Narrator ✍️Writer 🎤Happy as Hell Podcast Creator - can humanity break completely free of fear?",-,b'Pretty sad isn\xe2\x80\x99t it. Even an organization has karma!'
Kile Riggsout of network3rd+,https://www.linkedin.com/in/kile-riggs/,https://media.licdn.com/dms/image/D4E03AQE7x3aQsTbXbw/profile-displayphoto-shrink_100_100/0/1672766328238?e=1684972800&v=beta&t=n7wUhuSdYYvFkhByBquCESes7TqQiWmTE0y-B79KfVc,Small Business jack of all trades focused on business solutions for Clients and Employees,-,"b""is this true? IMO it is the companies duty to find and develop talent, then when that talent reaches it's potential at the company monetary limit or even skills limit they can stay and make top of that companies bracket or move on and climb a latter somewhere else. Small businesses can't roll over and just give people raises because it will be more work and cost to find a replacement, that is part of the game of business!"""
Linda Williamsout of network3rd+,https://www.linkedin.com/in/linda-williams-4087a0203/,https://media.licdn.com/dms/image/C4D03AQGk82kJe8w1gw/profile-displayphoto-shrink_100_100/0/1629784525013?e=1684972800&v=beta&t=fmV1upf1qPo4kzOXgCl674nWbJRGPdoIxzSytLI9EXs,Assistant Lettings Manager,-,b'David Sandfelderhowever lots of firms make millions in profit but don\xe2\x80\x99t reward the hard workers that make that profit'
Success Mochelaout of network3rd+,https://www.linkedin.com/in/success-mochela-b24807144/,"data:image/gif;base64,R0lGODlhAQABAIAAAAAAAP///yH5BAEAAAAALAAAAAABAAEAAAIBRAA7",--,-,"b""Advertising can't be costly if you use word of mouth there are people who are hungry to take over the can do what he did also, I have never seen people been paid to be interviewed, the few panel make only 3 hours to interview 3 people and make choice when they spot a perfect person with technical skills, and hiring you can save cost by offering the new candidate a lower cost to company, lastly people who are hungry for the job they get to know staff quick, I mean look at the guy himself he became a shinning star for 16 years on the helpdesk, so I say do not hesitate boss and hr, set the guy free and let him expand his wings or set him free with his raise and you will see the best time is money discussing him it costs even more,as you discuss whether to give him raise or hire. He is human he also can influence your decision to set him free."""
Igor Leykinout of network3rd+,https://www.linkedin.com/in/igor-leykin-436771243/,https://media.licdn.com/dms/image/C5603AQE4xeJh4FrSWA/profile-displayphoto-shrink_100_100/0/1656382361681?e=1684972800&v=beta&t=OLuf3Bg6qOfFE5F-aCkcfiUqI0bzf6PtOA9s8QCKYdQ,Managing Member President,-,"b""Neda M.No, I got the point. 10 years ago, I would have agreed. Today, companies must draw a line somewhere on compensation as there's only so much they can pass on. Small businesses who hire general labor, are especially having difficult time."""
Suzanne OBrienout of network3rd+,https://www.linkedin.com/in/suzanneobrien1/,https://media.licdn.com/dms/image/C4E03AQGWJzJSug4Sig/profile-displayphoto-shrink_100_100/0/1562539450479?e=1684972800&v=beta&t=R1k1UF_LPKrvgyWEAWVXgD6nVByU8M252LBLQ5Ibiuw,Canine Therapist & Lifestyle Detox at PureTemple.org/,-,"b'If only, in the whole typical corporate greed culture, this logic was grasped rather than swing tenured folks laid off with two (or three) newly minted employees taking the work on that was once done by the one senior worker. \xf0\x9f\xa4\xb7\xe2\x80\x8d\xe2\x99\x80\xef\xb8\x8f This scenario has played out with me, where 3 headcount was hired as backfill, with clients messaging me how much I am missed, and my husband who\xe2\x80\x99s management installed 3 and then 4 headcount and STILL never met the numbers and customer ( and employee) loyalty and satisfaction that my husband fostered prior.  You can\xe2\x80\x99t fix stupid or egomaniacal modeling without a whole lot of culture shift. Most of us high performers just move along to far greener pastures. \xf0\x9f\x99\x8c'"
Sam K.out of network3rd+,https://www.linkedin.com/in/sk221/,https://media.licdn.com/dms/image/D5635AQE2IhkEJImf7Q/profile-framedphoto-shrink_100_100/0/1673033175654?e=1679997600&v=beta&t=zXrnF-449emSKEPhyu1iHI7QBDsSJV3ZEX2qEtNV2Vs,"Restaurant Shift Manager | In a world of good versus evil, choose to be good | Act like a caring human | Life is too short to be fake | Always be on the side of the truth",-,b'Thank you for the excellent comment. There must be consequences by law that hold the greedy accountable. Greed makes the mind blind. What we have today are money-hungry and power-hungry criminals in suits as rulers of corporate America. The companies that we as consumers love are run mostly by mentally ill psychopaths. There are actual credible studies that verify this by the way. Most CEOs are hated by the American public and the polls prove this. Layoffs should be illegal by law unless the employee is performing very poorly or they are just there to collect benefits such as insurance.'
Melissa Bensonout of network3rd+,https://www.linkedin.com/in/melissa-benson-887b71a/,https://media.licdn.com/dms/image/D5603AQGXBia83YCI9g/profile-displayphoto-shrink_100_100/0/1676939934347?e=1684972800&v=beta&t=xbyZ2wxtPsZ82nBsH9yV7yzUu793kXK4Ibx3_UKga18,"License community association, manager, and Transition manager at Artemis Lifestyles",-,"b'As I keep on reading these comments, we can go on all day long about this. I\xe2\x80\x99m sure there\xe2\x80\x99s a logical profound explanation , maybe some intelligence behind it on why leaders in these companies do not feel the need to compensate their employees for their work that is doneit boggles the mind, then when they decide to leave or walk out the door then wanna beg you to stay.   In the climate we have today Customer Service has gone down tremendously over the years. It is making a very, and I mean a very small come back and the reason for this is because of the high turnover. It\xe2\x80\x99s time for upper management at the very top level to realize this . don\xe2\x80\x99t forget where you came from or forget how you got to that leadership position. Yes, these are hard decisions indeed but without the good employees, these leaders would not be getting those big bonuses or big salaries salaries.Very sad state indeed .Clearly what they are doing for the company has not remotely been recognizednow is happening for every single company out there ? every single industry? No !!!it does not but good chunk of it it does very sad indeed.'"
Melissa Bensonout of network3rd+,https://www.linkedin.com/in/melissa-benson-887b71a/,https://media.licdn.com/dms/image/D5603AQGXBia83YCI9g/profile-displayphoto-shrink_100_100/0/1676939934347?e=1684972800&v=beta&t=xbyZ2wxtPsZ82nBsH9yV7yzUu793kXK4Ibx3_UKga18,"License community association, manager, and Transition manager at Artemis Lifestyles",-,"b'Also, the learning curve that sooner or later your client base does leave and that revenue will stop coming in. It\xe2\x80\x99s just a matter of timeso enjoy the revenue while it last.. While other companies will snatch up your valuable employees. It\xe2\x80\x99s just a matter of time!!!'"
Christina Tremperout of network3rd+,https://www.linkedin.com/in/christina-tremper-58b09141/,https://media.licdn.com/dms/image/D5603AQGa2AOnTVwfJQ/profile-displayphoto-shrink_100_100/0/1667726501431?e=1684972800&v=beta&t=Tt6WbrF7A2Z0nbcpARZF2ZoFg1PEZasJF40CAE3RWro,Product Manager at International Wood Products,-,"b'Many companies don\xe2\x80\x99t realize this until that employee puts in their notice to leave and then they begin throwing a pay increase to them to get the employee to stay.   Which conjures up the thought of \xe2\x80\x9cWait\xe2\x80\xa6.I wasn\xe2\x80\x99t worth it yesterday, but now I am today because I\xe2\x80\x99m leaving?\xe2\x80\x9d  I\xe2\x80\x99ve seen it happen throughout the years and some companies never learn.  They lose their top employees that don\xe2\x80\x99t really want to leave, but are being held back while putting in 150% effort.'"
Kelly Starkout of network3rd+,https://www.linkedin.com/in/kelly-stark-68750569/,https://media.licdn.com/dms/image/C5603AQETfThYvONx7A/profile-displayphoto-shrink_100_100/0/1517424842789?e=1684972800&v=beta&t=yCAPy2xWN2t20zeAPxe8a2H_j7Pnd6nq_6hLu0oMszc,Sr. Project Superintendent at HHI Corporation,-,b'I\xe2\x80\x99ve seen this happen so many times I lost count!'
Angie Blydenout of network3rd+,https://www.linkedin.com/in/angie-blyden-278bb7247/,https://media.licdn.com/dms/image/D5635AQE8n1Cc7WleXw/profile-framedphoto-shrink_100_100/0/1677591710241?e=1679997600&v=beta&t=G8E941vXMJ1H78JOQgRI_mjSseNxCZN28RkRt2Lzubc,Project Specialist at Richmond Hill Psychology Center,-,"b'So stupid! Advertise, interview, hire, and train are one-time charges, but when you yield to unreasonable pay increase requests you are not only going to be stuck paying extra every pay period, you are guaranteed to get yet another pay increase request from this employee before long. It is surprising what nonsense people post on LinkedIn :('"
Dwight Cannonierout of network3rd+,https://www.linkedin.com/in/dwight-cannonier-33a7778a/,"data:image/gif;base64,R0lGODlhAQABAIAAAAAAAP///yH5BAEAAAAALAAAAAABAAEAAAIBRAA7",Electronic Systems Technology,-,b'Daniel PerezI\xe2\x80\x99m confused by your statement. Please elaborate.'
Greg CurcioView Greg Curcio’s profile(He/Him) • 3rd+,https://www.linkedin.com/in/ACoAAAAws_4Brl3Yu2tDwsIVN2fqTtmc8yfSPMY,https://media.licdn.com/dms/image/D5603AQFUBxdOg2HdSw/profile-displayphoto-shrink_100_100/0/1672275776572?e=1684972800&v=beta&t=L8_cEEGx6e8nXFTnn5CcmTsFNxspZIOUU0hSROFXNzI,Director Customer and Performance,-,"b'Huh?! This is only one side of the coin here. WhT if the employer can\xe2\x80\x99t afford to pay the increase in salary?! In today\xe2\x80\x99s war on talent, never has there been more importance than an overall approach for the employee value prop. I can\xe2\x80\x99t afford some of the rates people want. My only way through is to talk about the opportunity, the work, the purpose and the outcome.'"
Taylor DuarteView Taylor Duarte’s profile• 3rd+,https://www.linkedin.com/in/ACoAACfoAeEBcFtQxgDZsn2tMDqbodF4eHc8vVg,https://media.licdn.com/dms/image/C4E03AQEwQ4iQTtz4FQ/profile-displayphoto-shrink_100_100/0/1641440233260?e=1684972800&v=beta&t=FpzE7uKsBddZWqCXi_Y9ag_eXXvPwNJLExvbpEQS11s,Executive Assistant,-,"b""If your business isn't successful enough to pay employees what they should be paid, at market value, then perhaps the business needs to be reevaluated. Or it needs to accept employees of lower caliber. You get what you're willing to pay for."""
Michael K. JensenView Michael K. Jensen’s profile• 3rd+,https://www.linkedin.com/in/ACoAAAZ5QtMBxMocrnm7s8-cAkd8kyzdrVJNas0,https://media.licdn.com/dms/image/C4E03AQH9zxXHesRQoQ/profile-displayphoto-shrink_100_100/0/1602835718227?e=1684972800&v=beta&t=KN-CZLeUbqEt-bmc_b717uxRiGQnL8LPgAF0SwnC2-s,Partner/Senior Consultant at OTARI IT Business Consulting,-,b'Such a shame this was angled towards monetary rewards. You can also keep people by simply treating them well and appreciate their efforts \xf0\x9f\x98\x8a Salary is just a number - its everything else that keeps your employees staying long-term.At least that is my experience thus far'
Kevin Yien Nean HorView Kevin Yien Nean Hor’s profile• 3rd+,https://www.linkedin.com/in/ACoAAB7z4FsB8TvzJR4wPWkCMxCpgeQTXMWW7lk,https://media.licdn.com/dms/image/C5603AQGlp04lIIkGEA/profile-displayphoto-shrink_100_100/0/1592053889990?e=1684972800&v=beta&t=fHXv64NwMragdNuH8QHBWTYN8khmjdJDvbHPqvL8b6o,Senior Team Lead at TDCX,-,b'Corporate brainwashing. They tell you money is not everything and then you check the CEOs compensation and its in the millions X200-X500 of an average employees salary.'
Mudit SaxenaView Mudit Saxena’s profile• 3rd+,https://www.linkedin.com/in/ACoAAAZ2W6cByWhY3hWCtC12ivDiSUqSrCM4cYc,https://media.licdn.com/dms/image/C5603AQFiy9hbRc-SHw/profile-displayphoto-shrink_100_100/0/1516445747519?e=1684972800&v=beta&t=_HI4xCS1txmkfXo9vFe4kY-cf28IBXsnNNLaEmR7ERM,Azure data intergration and BI architect at IBM,-,"b'Hidden logical ending.Boss:  ""Let him go and hire a new one. We will still save a lot.""HR: ""How? The cost of new hire is much higher.""Boss: ""Giving him a raise would lead to the other employees asking for a raise too. We would have to do it for the remaining 1000+ employees a lot sooner than we could afford. Letting him go would only lead to a very small fraction follow his lead.""HR: ""\xf0\x9f\xab\xa1. Yo are the boss.""Corporate management is a lot shrewder than we can imagine. \xf0\x9f\x98\xa1'"
Randall Hashem. BView Randall Hashem. B’s profile(He/Him) • 3rd+,https://www.linkedin.com/in/ACoAACsUGoMBSZ_3PdUlsIz9j_LMDRPEMhIKkiI,https://media.licdn.com/dms/image/C4D03AQH-fnhDCf12MA/profile-displayphoto-shrink_100_100/0/1628872473855?e=1684972800&v=beta&t=drRWgATH-nsT7tsgxdk3ZgXFWDPizEMvviMyGueK18s,Pricing Coordinator at Hillebrand - GORI - Wine & Spirits Logistics,-,b'Preach!!'
David RileyView David Riley’s profile• 3rd+,https://www.linkedin.com/in/ACoAAAsyYfUBHoiKur7qe-kVGmFNPkhtb7h5l8I,,Job Title,-,"b'Patently STUPID logic!  Bad employees DRAIN a company of its resources.  This is why layoffs and the re-hirings happen.  Out with the old/tired/worn-out. And in with the new, fresh, and bold ideas and strength.  Of course, the AGE of someone is highly disregarded for anyone over 40 years of age... they\'re deemed a relic, more suited as an exhibit in the Smithsonian... when all their wisdom and history with a company is gone when removed.  THIS IS WHY you see professor emeritus positions, people still there WELL after their prime.  They offer CONSIDERABLY MORE than just standard "" work.""'"
Scott BumeView Scott Bume’s profile• 3rd+,https://www.linkedin.com/in/ACoAAEAiz7YBwW1qna1EuAMin-NqLODwv8r8WoE,https://media.licdn.com/dms/image/D4D03AQH8tbZx8C3HOw/profile-displayphoto-shrink_100_100/0/1672542059126?e=1684972800&v=beta&t=4Ns3G7fe2Oay-WMMeS-weu1DDdFAo0PPfmq3mlVs_WM,Graphic Designer,-,b'You just went off on your analysis. The employee is not a bad employee from the statement he made. This is a valuable employee who wants a raise.'
Darren DriscollView Darren Driscoll’s profile• 3rd+,https://www.linkedin.com/in/ACoAAAUdw44Bk1IcENMH09qvsO8nR4H6RmPU2X0,https://media.licdn.com/dms/image/C5603AQFYmMeTAdWu4g/profile-displayphoto-shrink_100_100/0/1626899544715?e=1684972800&v=beta&t=u06Tqdrd7bVzZZoQ5UkjWkomiwZbaQgJyuL5PyjfUnE,Managing Director of FlowMatrix Pty Ltd and Coolclean Pty Ltd,-,"b'Wrong. Performance, reliability, quality, drive and commitment come first. The pay rate is a reflection of that, not a request from the employee or manager for more money.'"
Paul R.View Paul R.’s profile• 3rd+,https://www.linkedin.com/in/ACoAAALSGhkB-r2R1wezdyTop62RQwwtuZxp2gk,,"Oceans don’t separate islands, they join them together!",-,"b'Rhys Biddingtonmmm, was it you who mentioned people are ONLY motivated by money, actually people aren\xe2\x80\x99t motivated by money at all! Google \xe2\x80\x98means v ends\xe2\x80\x99. Then copy and paste your findings here! You have the wrong definition on the second part of your response too, so that\xe2\x80\x99s irrelevant, a bit more research there may help, along with less subjectivity.'"
"Lucia Gilgovan, PAHMView Lucia Gilgovan, PAHM’s profile• 3rd+",https://www.linkedin.com/in/ACoAAAKknDkB8k13O4DRR_WDiT4uYcZo3L16idY,https://media.licdn.com/dms/image/C4D03AQH065G33p_y-A/profile-displayphoto-shrink_100_100/0/1620849968937?e=1684972800&v=beta&t=yG8ZdoJaaBy7Y-5sPan2yI9t5nKSzmHPVbDX5XDcbnE,Senior Client Manager - Key Accounts at Aetna,-,"b""What ever happened to doing your very best every day.  Striving to exceed your customers' expectations, being creative, picking up the phone instead of being involved in a 15-line email string, being kind to those you support.  Wanting to make sure that your boss or manager keeps his/her gold stars.  And subsequently being rewarded for a job well done.  If everyone worked this way, work/life balance wouldn't be such a challenge."""
Peter E. C. DashwoodView Peter E. C. Dashwood’s profile• 3rd+,https://www.linkedin.com/in/ACoAAADM7RIBriWjukF27HIKrGR35h9c51qCQgo,https://media.licdn.com/dms/image/C4E03AQFbd-3k32G0sw/profile-displayphoto-shrink_100_100/0/1517694550198?e=1684972800&v=beta&t=S7D5ksPzizTO1kpUovRy9f6mcRWcZBckhZTYjF6nJ3o,"CEO at PRIMA Computing, (NZ) Ltd",-,"b'""What ever happened to doing your very best every day."" Throughout a career spanning more than 50 years, this has always been my goal, in both life in general and in business. I believe it is the only way to get satisfaction from whatever job you are required to undertake. Even in retirement, I\'m still doing it... \xf0\x9f\x99\x82  I may be old-fashioned, but I\'m happy.'"
Tiffany StapletonView Tiffany Stapleton’s profile• 3rd+,https://www.linkedin.com/in/ACoAADc4gGABy97n5OksK3ZEls7O4z-WR6Agnr0,https://media.licdn.com/dms/image/C4E03AQEKQIJpJcbmBA/profile-displayphoto-shrink_100_100/0/1629223366569?e=1684972800&v=beta&t=UDVIDxddvPxx_GlZk8AMa8RvXPfvE-YMC0tMQGz5EZc,Imagine the best version of yourself and show up everyday as her.,-,b'I thought this was headed in a different direction\xe2\x80\xa6. I don\xe2\x80\x99t agree with this.HR Mgr replied: \xe2\x80\x9cIf he feels he isn\xe2\x80\x99t being paid at his value we may loose him. If we increase then he may feel respected and perform better\xe2\x80\xa6 making up for his raise\xe2\x80\x9dIt is more valuable to appreciate and invest in the staff you\xe2\x80\x99ve already invested in than it is to replace them.Just my thoughts'
Scott BumeView Scott Bume’s profile• 3rd+,https://www.linkedin.com/in/ACoAAEAiz7YBwW1qna1EuAMin-NqLODwv8r8WoE,https://media.licdn.com/dms/image/D4D03AQH8tbZx8C3HOw/profile-displayphoto-shrink_100_100/0/1672542059126?e=1684972800&v=beta&t=4Ns3G7fe2Oay-WMMeS-weu1DDdFAo0PPfmq3mlVs_WM,Graphic Designer,-,b'The two are not mutually exclusive'
Dorte Lunding StevnsView Dorte Lunding Stevns’ profile• 3rd+,https://www.linkedin.com/in/ACoAAAtUDmkBAJotSnLEWX3jywUND68CzsVxUCU,https://media.licdn.com/dms/image/D4E03AQEJXwAyjZ2_wA/profile-displayphoto-shrink_100_100/0/1664598323032?e=1684972800&v=beta&t=tJyTS4sxUxTneqN4GQ8gj3T7nU0I8YxH-NuNtE6zFVw,General Service Manager hos Odense Hospital Project Team JV,-,"b'Not always! In a Long term point og view, sometimes it\xe2\x80\x99s better to make a change eventhoug it cost\xe2\x80\x99s and invest in a replacement.'"
Veronica VassilevaView Veronica Vassileva’s profile(She/Her) • 3rd+,https://www.linkedin.com/in/ACoAAACi2LQBi__Lzof9JJsfIlTzKIVr9nZqzdQ,https://media.licdn.com/dms/image/C4D03AQFjh9yIJGDzvQ/profile-displayphoto-shrink_100_100/0/1627401461882?e=1684972800&v=beta&t=MoCn2AuGsCiauTzZkcWipxhAREKPQqbw26ZWADSYHe8,Ecommerce Key Accounts - Enterprise at Shopify Plus,-,"b""In my experience, it's easier to do that in hospitality management than in tech and other industries."""
Craig WillisView Craig Willis’ profile• 3rd+,https://www.linkedin.com/in/ACoAABClmYMBTXK2avrE0r_a26ZTnt2QIc3dpUQ,https://media.licdn.com/dms/image/C4E03AQHULiY2NVrjoQ/profile-displayphoto-shrink_100_100/0/1516683455879?e=1684972800&v=beta&t=V1B9Z_vge5JZwFzd2nvvB9qVd-3mRmQkBe_cS11VxGw,Project Engineer,-,"b'The managers of a previous company that I worked for said that when they had a contract end they always prefered to get their employees redeployed onto other contracts of theirs rather than make them redundant. This was their preference to hiring new people to fill vacancies on their existing or new contracts. We were told that the cost to advertise, onboard new people and bring them up to speed was always more expensive than losing good people that already worked for the company and paying out redundancy packages. When the time came they made 99% of the employees on the contract that was ending redundant and hired new people for their other contracts that had vacancies to fill. So while it does cost less to keep staff rather than replacing them, many companies simply don\xe2\x80\x99t do it. So many talk the talk but don\xe2\x80\x99t walk the walk, even when they know it\xe2\x80\x99s saving their organisation money.'"
Julian Alonso RedondoView Julian Alonso Redondo’s profile• 3rd+,https://www.linkedin.com/in/ACoAAAWY-ioBFh0Uh44whKZ1v8MPQjoSJwVCD_0,,"Tunnel Survey Manager at SPARK NEL D&C, Tunnel & Underground Construction specialist, LEAN enthusiastic, BIM autodidact.",-,"b'hahahaha!!!! Nice try, but this is a conversation that would never happens unless on Sci-Fi...taking into account today HR people are literally reduced to ""The voice of their masters"" (aka ""boss"" here), all would look like: ""No way, if we give someone something then it exist the probability everybody will ask for more..."" or even better, ""If an employee do not like what He/She has or is not happy, there are 20 that would do it for less...""Let\'s be realistic, fake conversations brought from Wonderland are not going to solve Alice\'s problems, are more for Cheshire cats entertainment.'"
Henrietta VisserView Henrietta Visser’s profile• 3rd+,https://www.linkedin.com/in/ACoAAAKhDlkBy1XjhIMPx3rrXMYCUq_ryMmQ9oo,https://media.licdn.com/dms/image/C5103AQE4wxBbcT_GbA/profile-displayphoto-shrink_100_100/0/1550796962834?e=1684972800&v=beta&t=wn1Bx1b7oDahp5b87ItoKSjhn8NEL7XR3_VUQITsaMU,Detail-orientated Accounts Officer and AP Team Leader with 6+ years accounting experience optimising the day-to-day transactional processes to keep vendors paid on time and revenue coming in.,-,"b""There are university studies proving this point. In addition to the cost of advertising, interviewing, hiring, paying and training a replacement, it also takes between 9 months and a year for the new replacement to be functioning at the same productivity as the one you wouldn't give a raise to and the loss of organisational knowledge that cannot be provided in any on-boarding program takes even longer to acquire. The most immeasurable cost to the organisation though is due to the disruption and mistake-making-while-learning that the replacement will cause.So cough up! That employee is worth more than all of the costs (and their consequences) above."""
Suzanne StrydomView Suzanne Strydom’s profile• 3rd+,https://www.linkedin.com/in/ACoAABF3zuUB3PY5Jn9IFV-vgwhpoNG-DHvfBi0,,Export Clerk at Hitachi Construction Machinery Boksburg South Africa,-,b'Absolutely true'
Paul R.View Paul R.’s profile• 3rd+,https://www.linkedin.com/in/ACoAAALSGhkB-r2R1wezdyTop62RQwwtuZxp2gk,,"Oceans don’t separate islands, they join them together!",-,"b'21/22 corporation tax revenue \xc2\xa368bn. That\xe2\x80\x99s on profits of \xc2\xa3357bn. Surely, some of the \xc2\xa3289bn profits could be more evenly distributed! Just some of it.People who have more money spend more and this generates the need for more products and services. Before anyone comments about this strategy fuellingbinflation, the countries that have strategies to pay more have not shown higher inflation, quite the opposite. Therefore, greed doesn\xe2\x80\x99t help the economy and neither does squirrelling money away, as  demonstrated by the decision this morning by Rishi Sunak.'"
"Kraig Grayson, BSc.View Kraig Grayson, BSc.’s profile• 3rd+",https://www.linkedin.com/in/ACoAAAEkDvQB84WtPx_x1BscynVRtxCeogfIasA,https://media.licdn.com/dms/image/C4E03AQGvNZoEGQhkxQ/profile-displayphoto-shrink_100_100/0/1655895018207?e=1684972800&v=beta&t=VRwUXyFkSeD0LXMsaE29M-WZsk46QMCSOCNRrJmX3Q8,Field Agent | Freelancer | Webmaster | Broadcast Engineer,-,"b'Many companies do not realise how simple that is. I have seen many hire unqualified people and train them at a significant cost to the company (both time and money) rather than add a few hundred bucks to the salaries of those who are already there and are more than qualified to do the job. In the end, the new persons that were trained ended up leaving the job within a short time for ""greener pastures."" It seems the higher up some people go in management the more foggier anything related to finance seems to appear. They find it hard to pay a little extra to those who are already there, the ones who are loyal to the company. And the sad thing about it is that this mentality is never going to change.'"
Herbert TonelloView Herbert Tonello’s profile• 3rd+,https://www.linkedin.com/in/ACoAAAEUBhQBGyP9yk2XR_NR3R1PNfIA9q6INkA,,Electrical Automation Engineer,-,"b""Great post and I agree with the sentiment.Unfortunately, reality paints a totally different picture for most people as witnessed in reading these comments.The Federal Reserve is engineering perhaps the biggest labor market slowdown in history.Millions will loose their jobs when the Fed's work is all done. We had over 150,000 job losses in the tech sector alone last year. This is just one sector of a hundred in the economy!With so many companies facing red P&L statements due to inflation, you need to navigate the asking-about- pay-raise waters carefully.Perhaps taking a better paying position elsewhere might be better?It's hard to know what to do when 1 in 3 companies in America will fire/layoff employees this year and your pay isn't covering your expenses."""
Igor LeykinView Igor Leykin’s profile• 3rd+,https://www.linkedin.com/in/ACoAADxyhCoBVgYesexF9uL0gA6Gw0hSSNBqTas,https://media.licdn.com/dms/image/C5603AQE4xeJh4FrSWA/profile-displayphoto-shrink_100_100/0/1656382361681?e=1684972800&v=beta&t=OLuf3Bg6qOfFE5F-aCkcfiUqI0bzf6PtOA9s8QCKYdQ,Managing Member President,-,"b""This statement may be true in some circumstances. What about general labor not high skill? First, these days pay increase requests are out of control, understandingly so. The living costs are drastic. Now the increases go along with work demands. It's no longer productivity based. They want raises because they breathe.Then there's the slippery slope of giving a requested raise to someone. Others will know and also demand. Our payroll is up 15% in last 12 months.Employees don't understand that and believe companies have money trees in courtyard.Personally, I would like to see a deep recession with heavy unemployment losses. I'd like to see the times when a perspective employee applied for a job and in the interview brought to the table when he or she had to offer not the other way around. Gig economy, e-commerce, damn Tik Tok in addition to strong employment for the last 10 years has changed the landscape and not for the better. We need a serious correction in the market."""
Dakota JL PorterView Dakota JL Porter’s profile• 3rd+,https://www.linkedin.com/in/ACoAADsuEsEBybulUvomlwevT9V9z8ZnX4F0wPA,https://media.licdn.com/dms/image/C4E03AQFtJ1_MISZuOQ/profile-displayphoto-shrink_100_100/0/1650661036042?e=1684972800&v=beta&t=5W_wxRd5bcBMp-qBWehFl6Dsc2RR68s1Aq_-5BIeyP8,--,-,"b'Thanks for this comment. You will not believe how many times I have made this exact comment to staff members all over the United States and Canada on projects I have managed. I am puzzled as to how managers throughout multiple disciplines reject raises for some of their top performers, as opposed to simply giving them a raise to keep them happy and on board. Yet these same employees see with their own eyes top management spending millions on rebuilding and redesigning the office. Having company parties. Getting huge bonuses. Hiring new staff members, etc. At the same time, the top performers choose to leave the company and go elsewhere and make more money for less stress. It makes absolutely no sense from a professional standpoint. A good top performer is lost  simply because of not getting what you know they absolutely deserve. That thought process makes absolutely no sense what so ever!'"
Jay GuzmanView Jay Guzman’s profile• 3rd+,https://www.linkedin.com/in/ACoAAAl2LEoBKuTdZd3cmdlfRhIu_FZjcCNwSh0,https://media.licdn.com/dms/image/C5603AQEXhxHAHC8cLg/profile-displayphoto-shrink_100_100/0/1591269772919?e=1684972800&v=beta&t=K0VvW-XJ9_jAgeq6f2Bh_PdBLcFceA1qX3jYTT_9U6s,Technical Training Instructor at Prince Sultan Aviation Academy,-,"b'Management probably thinks their people are hostaging them by asking for a pay adjustment.  Don\'t forget that the same people toiled it out with you upto this point.  They\'ve proven they can handle your stuff and with just a bit more they can handle even more.   But management pride got in the way... you dont want your employee asking you for a justifiable adjustment.  Your pride is so dense you decide to cut him loose and get someone gullible,  train and show the ropes but in the end deliver mediocre results at best... Now the competition is reaping the capability of your former employee/s and progressively hurting your share of the market.  Pride-did your business a lot of good didn""t it?'"
Natalie VerdugoView Natalie Verdugo’s profile• 3rd+,https://www.linkedin.com/in/ACoAABSAjNEB7sXsOzE5rXURlzSn_1oc1sJphiU,https://media.licdn.com/dms/image/C5603AQEM3Kuvy-Xa1Q/profile-displayphoto-shrink_100_100/0/1530204724471?e=1684972800&v=beta&t=uGoFWUfQ9nurBLfOigEka0FdkS8XtoHWBTmDrftVrmM,Medwest Transportation 1-877-414-9944 & Helping Hands Medical Transportation (Leading Non-emergency Medical Transportation Companies)1-866-900-0227,-,"b'Hmmm. Well the boss did say in the beginning ""we can\'t afford"" not ""I prefer not to"".It\'s a double edge sword when in many cases not all but many companies struggle to keep a business running and stay above water and very much wish they could give raises to well deserved employees; however sometimes the financial budget just isn\'t there at the moment. There is a bigger understanding of what it takes to run a business overall. It\'s not until you\'re a boss that you find yourself at times taking a loss if an employee walks. At the end. It shouldn\'t be personal it is business on both sides. My opinion of course.'"
Mark MckeeverView Mark Mckeever’s profile• 3rd+,https://www.linkedin.com/in/ACoAACFssMkBsNX81CwPRfZ2lwQBmMoPZRp8cwA,https://media.licdn.com/dms/image/C4D03AQEIoM1yb-0gDw/profile-displayphoto-shrink_100_100/0/1641303813726?e=1684972800&v=beta&t=v0gFV3aq1Gg5jijhhQS1fvFh-mbI4PfCaXTZ-uaAcjE,Solar Pv Consultant,-,"b'Was in construction for years and generally if your good at what you do and show your worth the company will look after you whether it\xe2\x80\x99s a rise or other perks like away half day Fridays on full pay etcBut if your just sitting in a seat to fill it and collect a wage, and have no drive to perform and keep improving why would you even embarrass yourself to ask for a rise!I refer to them as floaters, they try to hold a company to ransom in this day in age as workforce is down accross all sectors, but Everyone is replaceable. One door closes another opens'"
